seed,model,task,method,finetuning_steps,realignment_steps,distinct_realignment_samples,repeated_realignment_samples,train_loss,realignment_loss,task_loss,eval_lv_accuracy,eval_en_accuracy,eval_avg_accuracy,eval_same_accuracy,final_eval_lv_accuracy,final_eval_en_accuracy,final_eval_avg_accuracy,final_eval_same_accuracy
31,distilbert-base-multilingual-cased,udpos,baseline,1625,0,0,0,0.07214517146348953,0,0.07214517146348953,0.9467159060933791,0.4251897290708191,0.685952817582099,0.9467159060933791,0.9467159060933791,0.4251897290708191,0.685952817582099,0.9467159060933791
42,distilbert-base-multilingual-cased,udpos,baseline,1625,0,0,0,0.07928939908742905,0,0.07928939908742905,0.947884086369974,0.366009987810153,0.6569470370900635,0.947884086369974,0.947884086369974,0.366009987810153,0.6569470370900635,0.947884086369974
66,distilbert-base-multilingual-cased,udpos,baseline,1625,0,0,0,0.07382699102163315,0,0.07382699102163315,0.9467912725628368,0.36227438952459595,0.6545328310437164,0.9467912725628368,0.9467912725628368,0.36227438952459595,0.6545328310437164,0.9467912725628368
23,distilbert-base-multilingual-cased,udpos,baseline,1625,0,0,0,0.08507035672664642,0,0.08507035672664642,0.9467535893281079,0.3872832369942196,0.6670184131611638,0.9467535893281079,0.9467535893281079,0.3872832369942196,0.6670184131611638,0.9467535893281079
17,distilbert-base-multilingual-cased,udpos,baseline,1625,0,0,0,0.06978470832109451,0,0.06978470832109451,0.9474318875532276,0.37749203727733865,0.6624619624152831,0.9474318875532276,0.9474318875532276,0.37749203727733865,0.6624619624152831,0.9474318875532276
