seed,model,task,method,finetuning_steps,realignment_steps,distinct_realignment_samples,repeated_realignment_samples,train_loss,realignment_loss,task_loss,eval_sk_accuracy,eval_en_accuracy,eval_avg_accuracy,eval_same_accuracy,final_eval_sk_accuracy,final_eval_en_accuracy,final_eval_avg_accuracy,final_eval_same_accuracy
31,distilbert-base-multilingual-cased,udpos,baseline,1330,0,0,0,0.03712180629372597,0,0.03712180629372597,0.9664110429447853,0.634894420195824,0.8006527315703047,0.9664110429447853,0.9664110429447853,0.634894420195824,0.8006527315703047,0.9664110429447853
42,distilbert-base-multilingual-cased,udpos,baseline,1330,0,0,0,0.0534915030002594,0,0.0534915030002594,0.9629601226993865,0.6828280445126027,0.8228940836059946,0.9629601226993865,0.9629601226993865,0.6828280445126027,0.8228940836059946,0.9629601226993865
66,distilbert-base-multilingual-cased,udpos,baseline,1330,0,0,0,0.037610914558172226,0,0.037610914558172226,0.9638803680981595,0.6563249577287562,0.8101026629134578,0.9638803680981595,0.9638803680981595,0.6563249577287562,0.8101026629134578,0.9638803680981595
23,distilbert-base-multilingual-cased,udpos,baseline,1330,0,0,0,0.04295864328742027,0,0.04295864328742027,0.963420245398773,0.6616727615901852,0.8125465034944791,0.963420245398773,0.963420245398773,0.6616727615901852,0.8125465034944791,0.963420245398773
17,distilbert-base-multilingual-cased,udpos,baseline,1330,0,0,0,0.13537830114364624,0,0.13537830114364624,0.9641104294478527,0.619952027053596,0.7920312282507244,0.9641104294478527,0.9641104294478527,0.619952027053596,0.7920312282507244,0.9641104294478527
