seed,model,task,method,finetuning_steps,realignment_steps,distinct_realignment_samples,repeated_realignment_samples,train_loss,realignment_loss,task_loss,eval_uk_accuracy,eval_en_accuracy,eval_avg_accuracy,eval_same_accuracy,final_eval_uk_accuracy,final_eval_en_accuracy,final_eval_avg_accuracy,final_eval_same_accuracy
31,distilbert-base-multilingual-cased,udpos,baseline,885,0,0,0,0.11665092408657074,0,0.11665092408657074,0.9675915131732339,0.6656442923990405,0.8166179027861372,0.9675915131732339,0.9675915131732339,0.6656442923990405,0.8166179027861372,0.9675915131732339
42,distilbert-base-multilingual-cased,udpos,baseline,885,0,0,0,0.14010778069496155,0,0.14010778069496155,0.9686407087899277,0.6169635484251504,0.7928021286075391,0.9686407087899277,0.9686407087899277,0.6169635484251504,0.7928021286075391,0.9686407087899277
66,distilbert-base-multilingual-cased,udpos,baseline,885,0,0,0,0.08080986142158508,0,0.08080986142158508,0.9675915131732339,0.6529825803153632,0.8102870467442985,0.9675915131732339,0.9675915131732339,0.6529825803153632,0.8102870467442985,0.9675915131732339
23,distilbert-base-multilingual-cased,udpos,baseline,885,0,0,0,0.08051943778991699,0,0.08051943778991699,0.967533224527862,0.6426801934646691,0.8051067089962656,0.967533224527862,0.967533224527862,0.6426801934646691,0.8051067089962656,0.967533224527862
17,distilbert-base-multilingual-cased,udpos,baseline,885,0,0,0,0.09168166667222977,0,0.09168166667222977,0.9677080904639777,0.6199913491408124,0.793849719802395,0.9677080904639777,0.9677080904639777,0.6199913491408124,0.793849719802395,0.9677080904639777
