seed,model,task,method,finetuning_steps,realignment_steps,distinct_realignment_samples,repeated_realignment_samples,train_loss,realignment_loss,task_loss,eval_zh_accuracy,eval_en_accuracy,eval_avg_accuracy,eval_same_accuracy,final_eval_zh_accuracy,final_eval_en_accuracy,final_eval_avg_accuracy,final_eval_same_accuracy
31,distilbert-base-multilingual-cased,udpos,baseline,635,0,0,0,0.16108585894107819,0,0.16108585894107819,0.9483016983016983,0.5462231135228658,0.7472624059122821,0.9483016983016983,0.9483016983016983,0.5462231135228658,0.7472624059122821,0.9483016983016983
42,distilbert-base-multilingual-cased,udpos,baseline,635,0,0,0,0.17003627121448517,0,0.17003627121448517,0.9491341991341992,0.5254217293853958,0.7372779642597975,0.9491341991341992,0.9491341991341992,0.5254217293853958,0.7372779642597975,0.9491341991341992
66,distilbert-base-multilingual-cased,udpos,baseline,635,0,0,0,0.1840181052684784,0,0.1840181052684784,0.9470529470529471,0.555739058629232,0.7513960028410895,0.9470529470529471,0.9470529470529471,0.555739058629232,0.7513960028410895,0.9470529470529471
23,distilbert-base-multilingual-cased,udpos,baseline,635,0,0,0,0.1380407214164734,0,0.1380407214164734,0.9502164502164502,0.5140576461798593,0.7321370481981547,0.9502164502164502,0.9502164502164502,0.5140576461798593,0.7321370481981547,0.9502164502164502
17,distilbert-base-multilingual-cased,udpos,baseline,635,0,0,0,0.1536725014448166,0,0.1536725014448166,0.9485514485514486,0.49274507490857616,0.7206482617300124,0.9485514485514486,0.9485514485514486,0.49274507490857616,0.7206482617300124,0.9485514485514486
