seed,model,task,method,finetuning_steps,realignment_steps,distinct_realignment_samples,repeated_realignment_samples,train_loss,realignment_loss,task_loss,eval_ko_accuracy,eval_en_accuracy,eval_avg_accuracy,eval_same_accuracy,final_eval_ko_accuracy,final_eval_en_accuracy,final_eval_avg_accuracy,final_eval_same_accuracy
31,distilbert-base-multilingual-cased,udpos,baseline,700,0,0,0,0.16614751517772675,0,0.16614751517772675,0.9380834118352317,0.3889740867445244,0.663528749289878,0.9380834118352317,0.9380834118352317,0.3889740867445244,0.663528749289878,0.9380834118352317
42,distilbert-base-multilingual-cased,udpos,baseline,700,0,0,0,0.15714780986309052,0,0.15714780986309052,0.9364562815791727,0.39672053792615314,0.6665884097526629,0.9364562815791727,0.9364562815791727,0.39672053792615314,0.6665884097526629,0.9364562815791727
66,distilbert-base-multilingual-cased,udpos,baseline,700,0,0,0,0.22512561082839966,0,0.22512561082839966,0.9322599982872313,0.41335378081868585,0.6728068895529585,0.9322599982872313,0.9322599982872313,0.41335378081868585,0.6728068895529585,0.9322599982872313
23,distilbert-base-multilingual-cased,udpos,baseline,700,0,0,0,0.14925046265125275,0,0.14925046265125275,0.9394536267877023,0.45849553694310097,0.6989745818654016,0.9394536267877023,0.9394536267877023,0.45849553694310097,0.6989745818654016,0.9394536267877023
17,distilbert-base-multilingual-cased,udpos,baseline,700,0,0,0,0.10974090546369553,0,0.10974090546369553,0.9357711741029374,0.42452125358814047,0.680146213845539,0.9357711741029374,0.9357711741029374,0.42452125358814047,0.680146213845539,0.9357711741029374
