final_eval_avg_f1,eval_es_precision,eval_ru_recall,eval_fr_f1,eval_zh_precision,realignment_loss,method,eval_same_f1,distinct_realignment_samples,final_eval_ru_accuracy,eval_ar_precision,finetuning_steps,final_eval_ar_recall,final_eval_avg_recall,final_eval_fr_f1,eval_ru_precision,eval_avg_accuracy,eval_fr_precision,final_eval_same_precision,model,eval_fr_accuracy,eval_es_recall,train_loss,final_eval_ar_precision,eval_ru_f1,final_eval_ru_recall,final_eval_es_f1,final_eval_fr_recall,final_eval_zh_accuracy,seed,eval_zh_recall,eval_es_f1,repeated_realignment_samples,final_eval_es_recall,eval_ar_recall,eval_es_accuracy,task,task_loss,eval_ar_f1,final_eval_zh_precision,eval_zh_accuracy,final_eval_same_recall,final_eval_ar_f1,eval_zh_f1,final_eval_ar_accuracy,final_eval_ru_f1,eval_fr_recall,final_eval_fr_accuracy,final_eval_ru_precision,final_eval_avg_accuracy,eval_avg_precision,eval_same_recall,final_eval_zh_f1,eval_ru_accuracy,eval_same_accuracy,final_eval_fr_precision,eval_avg_f1,eval_same_precision,final_eval_same_accuracy,final_eval_es_precision,final_eval_avg_precision,final_eval_es_accuracy,final_eval_zh_recall,final_eval_same_f1,eval_avg_recall,eval_ar_accuracy,realignment_steps
0.45468733647305076,0.6363636363636364,0.391304347826087,0.5625,0.24324324324324326,0,freeze_embedding_pre_realignment_fastalign,0.5576208178438661,2560,0.867816091954023,0.4166666666666667,160,0.47619047619047616,0.46861471861471865,0.5625,0.34615384615384615,0.766878199406158,0.5806451612903226,0.5434782608695652,xlm-roberta-base,0.7841726618705036,0.6086956521739131,1.1836845874786377,0.4166666666666667,0.36734693877551017,0.391304347826087,0.6222222222222223,0.5454545454545454,0.6733668341708543,31,0.32142857142857145,0.6222222222222223,2560,0.6086956521739131,0.47619047619047616,0.7936507936507936,wikiann,1.1836845874786377,0.4444444444444445,0.24324324324324326,0.6733668341708543,0.5725190839694656,0.4444444444444445,0.27692307692307694,0.7153846153846154,0.36734693877551017,0.5454545454545454,0.7841726618705036,0.34615384615384615,0.766878199406158,0.4446145107435431,0.5725190839694656,0.27692307692307694,0.867816091954023,0.7693351424694709,0.5806451612903226,0.45468733647305076,0.5434782608695652,0.7693351424694709,0.6363636363636364,0.4446145107435431,0.7936507936507936,0.32142857142857145,0.5576208178438661,0.46861471861471865,0.7153846153846154,160
