eval_avg_accuracy,final_eval_avg_recall,method,distinct_realignment_samples,eval_fr_recall,eval_zh_precision,eval_es_f1,eval_ar_recall,eval_fr_accuracy,seed,realignment_loss,final_eval_same_precision,eval_fr_f1,eval_same_recall,train_loss,eval_avg_precision,final_eval_avg_f1,final_eval_ru_recall,final_eval_ru_f1,final_eval_es_precision,realignment_steps,final_eval_fr_recall,eval_same_f1,eval_avg_recall,final_eval_es_recall,final_eval_ru_accuracy,final_eval_es_f1,task,task_loss,eval_ru_f1,eval_es_accuracy,repeated_realignment_samples,final_eval_fr_precision,eval_ar_precision,final_eval_fr_f1,eval_ru_precision,final_eval_es_accuracy,eval_es_recall,final_eval_ru_precision,final_eval_fr_accuracy,final_eval_same_accuracy,final_eval_zh_precision,final_eval_zh_accuracy,final_eval_avg_accuracy,eval_same_accuracy,final_eval_avg_precision,eval_es_precision,eval_same_precision,model,eval_zh_f1,final_eval_ar_accuracy,eval_fr_precision,final_eval_ar_precision,final_eval_ar_recall,eval_ru_accuracy,eval_ar_f1,eval_avg_f1,eval_zh_accuracy,eval_ru_recall,eval_ar_accuracy,final_eval_ar_f1,final_eval_zh_f1,final_eval_zh_recall,finetuning_steps,final_eval_same_recall,eval_zh_recall,final_eval_same_f1
0.7780689758710102,0.5174195369847544,during_freeze_realign_unfreeze_last_half_fastalign,2560,0.8484848484848485,0.40540540540540543,0.4583333333333333,0.3333333333333333,0.9136690647482014,31,0.2371114045381546,0.5746268656716418,0.8115942028985507,0.5877862595419847,0.8040017485618591,0.4473033033033033,0.47916276477146036,0.391304347826087,0.36,0.44,160,0.8484848484848485,0.5811320754716981,0.5174195369847544,0.4782608695652174,0.8160919540229885,0.4583333333333333,wikiann,0.5668903589248657,0.36,0.7063492063492064,2560,0.7777777777777778,0.28,0.8115942028985507,0.3333333333333333,0.7063492063492064,0.4782608695652174,0.3333333333333333,0.9136690647482014,0.8086838534599728,0.40540540540540543,0.8080808080808081,0.7780689758710102,0.8086838534599728,0.4473033033033033,0.44,0.5746268656716418,distilbert-base-multilingual-cased,0.46153846153846156,0.6461538461538462,0.7777777777777778,0.28,0.3333333333333333,0.8160919540229885,0.30434782608695654,0.47916276477146036,0.8080808080808081,0.391304347826087,0.6461538461538462,0.30434782608695654,0.46153846153846156,0.5357142857142857,160,0.5877862595419847,0.5357142857142857,0.5811320754716981
