realignment_steps,distinct_realignment_samples,eval_es_f1,eval_same_precision,final_eval_zh_precision,final_eval_ar_accuracy,eval_ru_f1,final_eval_es_precision,eval_zh_accuracy,eval_same_accuracy,final_eval_avg_recall,method,final_eval_avg_f1,final_eval_zh_accuracy,final_eval_ar_precision,final_eval_zh_recall,final_eval_avg_accuracy,final_eval_es_recall,final_eval_fr_f1,eval_avg_recall,repeated_realignment_samples,eval_es_recall,eval_zh_precision,eval_avg_precision,model,train_loss,task_loss,final_eval_ru_recall,final_eval_same_precision,final_eval_ar_f1,final_eval_es_accuracy,eval_ar_accuracy,final_eval_fr_recall,eval_ar_f1,task,eval_ru_recall,realignment_loss,eval_ru_precision,final_eval_fr_accuracy,final_eval_same_recall,eval_zh_recall,final_eval_same_accuracy,eval_fr_precision,eval_avg_accuracy,final_eval_zh_f1,final_eval_ru_precision,eval_es_accuracy,finetuning_steps,final_eval_avg_precision,final_eval_ru_f1,final_eval_fr_precision,eval_es_precision,final_eval_ru_accuracy,eval_ar_recall,final_eval_ar_recall,eval_ru_accuracy,eval_fr_accuracy,eval_fr_f1,eval_ar_precision,eval_same_f1,seed,final_eval_es_f1,eval_fr_recall,eval_avg_f1,eval_same_recall,eval_zh_f1,final_eval_same_f1
160,2560,0.6382978723404256,0.5144927536231884,0.23255813953488372,0.6230769230769231,0.4313725490196078,0.625,0.6683417085427136,0.7598371777476255,0.4793337097684923,freeze_realign_unfreeze_fastalign,0.4508315530004613,0.6683417085427136,0.30434782608695654,0.35714285714285715,0.7259623912737408,0.6521739130434783,0.5846153846153846,0.4793337097684923,2560,0.6521739130434783,0.23255813953488372,0.4297026216957966,xlm-roberta-base,1.234605312347412,1.234605312347412,0.4782608695652174,0.5144927536231884,0.31818181818181823,0.7698412698412699,0.6230769230769231,0.5757575757575758,0.31818181818181823,wikiann,0.4782608695652174,0,0.39285714285714285,0.7122302158273381,0.5419847328244275,0.35714285714285715,0.7598371777476255,0.59375,0.7259623912737408,0.28169014084507044,0.39285714285714285,0.7698412698412699,160,0.4297026216957966,0.4313725490196078,0.59375,0.625,0.8563218390804598,0.3333333333333333,0.3333333333333333,0.8563218390804598,0.7122302158273381,0.5846153846153846,0.30434782608695654,0.5278810408921933,31,0.6382978723404256,0.5757575757575758,0.4508315530004613,0.5419847328244275,0.28169014084507044,0.5278810408921933
